{"text": " You", "segments": [{"id": 0, "seek": 0, "start": 0.0, "end": 2.0, "text": " You", "tokens": [50364, 509, 50464], "temperature": 0.0, "avg_logprob": -0.6591432094573975, "compression_ratio": 0.2727272727272727, "no_speech_prob": 0.9324057102203369}], "language": "en"}